batch_size,runs,mean_s,stdev_s,rows,rows_per_s
1000,1,0.9496247800000219,0.0,100000,105304.74994554975
5000,1,1.0319803390000288,0.0,100000,96901.07090305448
